exp_title;exp_author;exp_version;exp_id;exp_session_id;move_number;tree;page_name;show_time;hide_time;duration;page_status_before_visit;page_status_after_visit;leave_in_direction;previous_page;target_page;section_allows_forward;section_allows_backward;section_allows_jumpfrom;section_allows_jumpto
MC Accountability;jrollwage;0.11;test1234;sid-a7ff0df84d944ab6ac092b8a1285a53c;1;ExpSection.landingpage;landingpage;1641829977.6574266;1641829979.016672;1.3592453002929688;open;open;forward;;InformedConsentPage;True;False;False;False
MC Accountability;jrollwage;0.11;test1234;sid-a7ff0df84d944ab6ac092b8a1285a53c;2;ExpSection.InformedConsentPage;InformedConsentPage;1641829979.016672;1641829980.365404;1.3487319946289062;open;open;forward;landingpage;exp_screening;True;False;False;False
MC Accountability;jrollwage;0.11;test1234;sid-a7ff0df84d944ab6ac092b8a1285a53c;3;ExpSection.exp_screening;exp_screening;1641829980.365404;1641829982.832154;2.466750144958496;open;open;forward;InformedConsentPage;initial;True;False;False;False
MC Accountability;jrollwage;0.11;test1234;sid-a7ff0df84d944ab6ac092b8a1285a53c;4;ExpSection.InstructionSection.initial;initial;1641829983.0523546;1641829992.1491363;9.096781730651855;open;open;forward;exp_screening;instruction1;True;False;False;False
MC Accountability;jrollwage;0.11;test1234;sid-a7ff0df84d944ab6ac092b8a1285a53c;5;ExpSection.InstructionSection.instruction1;instruction1;1641829992.1491363;1641829993.246135;1.096998691558838;open;open;forward;initial;mani_check_pre;True;False;False;False
MC Accountability;jrollwage;0.11;test1234;sid-a7ff0df84d944ab6ac092b8a1285a53c;6;ExpSection.InstructionSection.mani_check_pre;mani_check_pre;1641829993.247136;1641829994.9306679;1.6835317611694336;open;open;forward;instruction1;final_stress;True;False;False;False
MC Accountability;jrollwage;0.11;test1234;sid-a7ff0df84d944ab6ac092b8a1285a53c;7;ExpSection.InstructionSection.final_stress;final_stress;1641829994.9316683;1641830005.2926114;10.360943078994751;open;open;forward;mani_check_pre;task_page_1;True;False;False;False
MC Accountability;jrollwage;0.11;test1234;sid-a7ff0df84d944ab6ac092b8a1285a53c;8;ExpSection.TaskSection.task_page_1;task_page_1;1641830005.294613;1641830008.103168;2.8085551261901855;open;open;forward;final_stress;task_page_2;True;False;False;False
MC Accountability;jrollwage;0.11;test1234;sid-a7ff0df84d944ab6ac092b8a1285a53c;9;ExpSection.TaskSection.task_page_2;task_page_2;1641830008.1051702;1641830010.988802;2.883631706237793;open;open;forward;task_page_1;task_page_3;True;False;False;False
MC Accountability;jrollwage;0.11;test1234;sid-a7ff0df84d944ab6ac092b8a1285a53c;10;ExpSection.TaskSection.task_page_3;task_page_3;1641830010.9918044;1641830012.9635978;1.9717934131622314;open;open;forward;task_page_2;task_page_4;True;False;False;False
MC Accountability;jrollwage;0.11;test1234;sid-a7ff0df84d944ab6ac092b8a1285a53c;11;ExpSection.TaskSection.task_page_4;task_page_4;1641830012.9655998;1641830017.6548629;4.689263105392456;open;open;forward;task_page_3;task_page_5;True;False;False;False
MC Accountability;jrollwage;0.11;test1234;sid-a7ff0df84d944ab6ac092b8a1285a53c;12;ExpSection.TaskSection.task_page_5;task_page_5;1641830017.6568644;1641830019.1001778;1.4433133602142334;open;open;forward;task_page_4;task_page_6;True;False;False;False
MC Accountability;jrollwage;0.11;test1234;sid-a7ff0df84d944ab6ac092b8a1285a53c;13;ExpSection.TaskSection.task_page_6;task_page_6;1641830019.1031802;1641830020.6746688;1.571488618850708;open;open;forward;task_page_5;task_page_7;True;False;False;False
MC Accountability;jrollwage;0.11;test1234;sid-a7ff0df84d944ab6ac092b8a1285a53c;14;ExpSection.TaskSection.task_page_7;task_page_7;1641830020.6776717;1641830023.0423262;2.364654541015625;open;open;forward;task_page_6;task_page_8;True;False;False;False
MC Accountability;jrollwage;0.11;test1234;sid-a7ff0df84d944ab6ac092b8a1285a53c;15;ExpSection.TaskSection.task_page_8;task_page_8;1641830023.044328;1641830025.364439;2.320111036300659;open;open;forward;task_page_7;task_page_9;True;False;False;False
MC Accountability;jrollwage;0.11;test1234;sid-a7ff0df84d944ab6ac092b8a1285a53c;16;ExpSection.TaskSection.task_page_9;task_page_9;1641830025.3674421;1641830028.7239964;3.3565542697906494;open;open;forward;task_page_8;task_page_10;True;False;False;False
MC Accountability;jrollwage;0.11;test1234;sid-a7ff0df84d944ab6ac092b8a1285a53c;17;ExpSection.TaskSection.task_page_10;task_page_10;1641830028.7269986;1641830032.821727;4.094728469848633;open;open;forward;task_page_9;task_page_11;True;False;False;False
MC Accountability;jrollwage;0.11;test1234;sid-a7ff0df84d944ab6ac092b8a1285a53c;18;ExpSection.TaskSection.task_page_11;task_page_11;1641830032.8247294;1641830037.7331886;4.908459186553955;open;open;forward;task_page_10;task_page_12;True;False;False;False
MC Accountability;jrollwage;0.11;test1234;sid-a7ff0df84d944ab6ac092b8a1285a53c;19;ExpSection.TaskSection.task_page_12;task_page_12;1641830037.7361915;1641830039.9607246;2.2245330810546875;open;open;forward;task_page_11;task_page_13;True;False;False;False
MC Accountability;jrollwage;0.11;test1234;sid-a7ff0df84d944ab6ac092b8a1285a53c;20;ExpSection.TaskSection.task_page_13;task_page_13;1641830039.964724;1641830041.7103117;1.7455875873565674;open;open;forward;task_page_12;task_page_14;True;False;False;False
MC Accountability;jrollwage;0.11;test1234;sid-a7ff0df84d944ab6ac092b8a1285a53c;21;ExpSection.TaskSection.task_page_14;task_page_14;1641830041.714315;1641830044.5649092;2.8505942821502686;open;open;forward;task_page_13;task_page_15;True;False;False;False
MC Accountability;jrollwage;0.11;test1234;sid-a7ff0df84d944ab6ac092b8a1285a53c;22;ExpSection.TaskSection.task_page_15;task_page_15;1641830044.568913;1641830046.3265111;1.7575981616973877;open;open;forward;task_page_14;epistemic_motivation;True;False;False;False
MC Accountability;jrollwage;0.11;test1234;sid-a7ff0df84d944ab6ac092b8a1285a53c;23;ExpSection.FQSection.epistemic_motivation;epistemic_motivation;1641830046.3305151;1641830052.2133725;5.882857322692871;open;open;forward;task_page_15;MC_accountability;True;False;False;False
MC Accountability;jrollwage;0.11;test1234;sid-a7ff0df84d944ab6ac092b8a1285a53c;24;ExpSection.FQSection.MC_accountability;MC_accountability;1641830052.2173762;1641830056.7334852;4.516108989715576;open;open;forward;epistemic_motivation;systematic_information_processing;True;False;False;False
MC Accountability;jrollwage;0.11;test1234;sid-a7ff0df84d944ab6ac092b8a1285a53c;25;ExpSection.FQSection.systematic_information_processing;systematic_information_processing;1641830056.737489;1641830059.240271;2.502782106399536;open;open;forward;MC_accountability;mani_check_post;True;False;False;False
MC Accountability;jrollwage;0.11;test1234;sid-a7ff0df84d944ab6ac092b8a1285a53c;26;ExpSection.FQSection.mani_check_post;mani_check_post;1641830059.2452757;1641830060.698102;1.4528262615203857;open;open;forward;systematic_information_processing;suspicion_check;True;False;False;False
MC Accountability;jrollwage;0.11;test1234;sid-a7ff0df84d944ab6ac092b8a1285a53c;27;ExpSection.FQSection.suspicion_check;suspicion_check;1641830060.7031066;1641830064.0481467;3.3450400829315186;open;open;forward;mani_check_post;finalquestionnaire_5;True;False;False;False
MC Accountability;jrollwage;0.11;test1234;sid-a7ff0df84d944ab6ac092b8a1285a53c;28;ExpSection.FQSection.finalquestionnaire_5;finalquestionnaire_5;1641830064.0531511;1641830067.7224894;3.6693382263183594;open;open;forward;suspicion_check;exp_reg_selection;True;False;False;False
MC Accountability;jrollwage;0.11;test1234;sid-a7ff0df84d944ab6ac092b8a1285a53c;29;ExpSection.SelRegSection.exp_reg_selection;exp_reg_selection;1641830067.7274942;1641830070.5626154;2.8351211547851562;open;open;forward;finalquestionnaire_5;exp_registration;True;False;False;False
MC Accountability;jrollwage;0.11;test1234;sid-a7ff0df84d944ab6ac092b8a1285a53c;30;ExpSection.SelRegSection.exp_registration;exp_registration;1641830070.5686204;1641830071.6916428;1.1230223178863525;open;open;jump;exp_reg_selection;_abort_27226d0d643d4d7ab199d663777c4697;True;False;False;False
MC Accountability;jrollwage;0.11;test1234;sid-0fe33018152240cea6cd7e67fc92b35c;1;ExpSection.landingpage;landingpage;1641830541.4775953;1641830542.7655652;1.2879698276519775;open;open;forward;;InformedConsentPage;True;False;False;False
MC Accountability;jrollwage;0.11;test1234;sid-0fe33018152240cea6cd7e67fc92b35c;2;ExpSection.InformedConsentPage;InformedConsentPage;1641830542.7655652;1641830544.2226443;1.4570791721343994;open;open;forward;landingpage;exp_screening;True;False;False;False
MC Accountability;jrollwage;0.11;test1234;sid-0fe33018152240cea6cd7e67fc92b35c;3;ExpSection.exp_screening;exp_screening;1641830544.2226443;1641830546.6095612;2.3869168758392334;open;open;forward;InformedConsentPage;initial;True;False;False;False
MC Accountability;jrollwage;0.11;test1234;sid-0fe33018152240cea6cd7e67fc92b35c;4;ExpSection.InstructionSection.initial;initial;1641830546.8257582;1641830556.517586;9.691827774047852;open;open;forward;exp_screening;instruction1;True;False;False;False
MC Accountability;jrollwage;0.11;test1234;sid-0fe33018152240cea6cd7e67fc92b35c;5;ExpSection.InstructionSection.instruction1;instruction1;1641830556.5185869;1641830557.8217728;1.3031859397888184;open;open;forward;initial;mani_check_pre;True;False;False;False
MC Accountability;jrollwage;0.11;test1234;sid-0fe33018152240cea6cd7e67fc92b35c;6;ExpSection.InstructionSection.mani_check_pre;mani_check_pre;1641830557.8227737;1641830559.9186816;2.0959079265594482;open;open;forward;instruction1;final_stress;True;False;False;False
MC Accountability;jrollwage;0.11;test1234;sid-0fe33018152240cea6cd7e67fc92b35c;7;ExpSection.InstructionSection.final_stress;final_stress;1641830559.9196818;1641830569.7206092;9.80092740058899;open;open;forward;mani_check_pre;task_page_1;True;False;False;False
MC Accountability;jrollwage;0.11;test1234;sid-0fe33018152240cea6cd7e67fc92b35c;8;ExpSection.TaskSection.task_page_1;task_page_1;1641830569.7226107;1641830572.3365166;2.613905906677246;open;open;forward;final_stress;task_page_2;True;False;False;False
MC Accountability;jrollwage;0.11;test1234;sid-0fe33018152240cea6cd7e67fc92b35c;9;ExpSection.TaskSection.task_page_2;task_page_2;1641830572.3385184;1641830575.0870187;2.748500347137451;open;open;forward;task_page_1;task_page_3;True;False;False;False
MC Accountability;jrollwage;0.11;test1234;sid-0fe33018152240cea6cd7e67fc92b35c;10;ExpSection.TaskSection.task_page_3;task_page_3;1641830575.0890203;1641830576.7955725;1.706552267074585;open;open;forward;task_page_2;task_page_4;True;False;False;False
MC Accountability;jrollwage;0.11;test1234;sid-0fe33018152240cea6cd7e67fc92b35c;11;ExpSection.TaskSection.task_page_4;task_page_4;1641830576.7975743;1641830578.6312432;1.8336689472198486;open;open;forward;task_page_3;task_page_5;True;False;False;False
MC Accountability;jrollwage;0.11;test1234;sid-0fe33018152240cea6cd7e67fc92b35c;12;ExpSection.TaskSection.task_page_5;task_page_5;1641830578.6332448;1641830580.6445813;2.0113365650177;open;open;forward;task_page_4;task_page_6;True;False;False;False
MC Accountability;jrollwage;0.11;test1234;sid-0fe33018152240cea6cd7e67fc92b35c;13;ExpSection.TaskSection.task_page_6;task_page_6;1641830580.6465828;1641830582.6949515;2.0483686923980713;open;open;forward;task_page_5;task_page_7;True;False;False;False
MC Accountability;jrollwage;0.11;test1234;sid-0fe33018152240cea6cd7e67fc92b35c;14;ExpSection.TaskSection.task_page_7;task_page_7;1641830582.6979537;1641830584.826891;2.128937244415283;open;open;forward;task_page_6;task_page_8;True;False;False;False
MC Accountability;jrollwage;0.11;test1234;sid-0fe33018152240cea6cd7e67fc92b35c;15;ExpSection.TaskSection.task_page_8;task_page_8;1641830584.8298936;1641830588.1709323;3.341038703918457;open;open;forward;task_page_7;task_page_9;True;False;False;False
MC Accountability;jrollwage;0.11;test1234;sid-0fe33018152240cea6cd7e67fc92b35c;16;ExpSection.TaskSection.task_page_9;task_page_9;1641830588.1739352;1641830589.8844914;1.7105562686920166;open;open;forward;task_page_8;task_page_10;True;False;False;False
MC Accountability;jrollwage;0.11;test1234;sid-0fe33018152240cea6cd7e67fc92b35c;17;ExpSection.TaskSection.task_page_10;task_page_10;1641830589.8884945;1641830591.9068346;2.0183401107788086;open;open;forward;task_page_9;task_page_11;True;False;False;False
MC Accountability;jrollwage;0.11;test1234;sid-0fe33018152240cea6cd7e67fc92b35c;18;ExpSection.TaskSection.task_page_11;task_page_11;1641830591.9098377;1641830593.864118;1.9542803764343262;open;open;forward;task_page_10;task_page_12;True;False;False;False
MC Accountability;jrollwage;0.11;test1234;sid-0fe33018152240cea6cd7e67fc92b35c;19;ExpSection.TaskSection.task_page_12;task_page_12;1641830593.8671207;1641830595.7768583;1.9097375869750977;open;open;forward;task_page_11;task_page_13;True;False;False;False
MC Accountability;jrollwage;0.11;test1234;sid-0fe33018152240cea6cd7e67fc92b35c;20;ExpSection.TaskSection.task_page_13;task_page_13;1641830595.7798612;1641830597.5174425;1.7375812530517578;open;open;forward;task_page_12;task_page_14;True;False;False;False
MC Accountability;jrollwage;0.11;test1234;sid-0fe33018152240cea6cd7e67fc92b35c;21;ExpSection.TaskSection.task_page_14;task_page_14;1641830597.5204449;1641830599.4341848;1.9137399196624756;open;open;forward;task_page_13;task_page_15;True;False;False;False
MC Accountability;jrollwage;0.11;test1234;sid-0fe33018152240cea6cd7e67fc92b35c;22;ExpSection.TaskSection.task_page_15;task_page_15;1641830599.4381883;1641830602.5024931;3.064304828643799;open;open;forward;task_page_14;epistemic_motivation;True;False;False;False
MC Accountability;jrollwage;0.11;test1234;sid-0fe33018152240cea6cd7e67fc92b35c;23;ExpSection.FQSection.epistemic_motivation;epistemic_motivation;1641830602.5074975;1641830608.6651003;6.157602787017822;open;open;forward;task_page_15;MC_accountability;True;False;False;False
MC Accountability;jrollwage;0.11;test1234;sid-0fe33018152240cea6cd7e67fc92b35c;24;ExpSection.FQSection.MC_accountability;MC_accountability;1641830608.6691034;1641830614.5939996;5.924896240234375;open;open;forward;epistemic_motivation;systematic_information_processing;True;False;False;False
MC Accountability;jrollwage;0.11;test1234;sid-0fe33018152240cea6cd7e67fc92b35c;25;ExpSection.FQSection.systematic_information_processing;systematic_information_processing;1641830614.5980031;1641830617.3044665;2.70646333694458;open;open;forward;MC_accountability;mani_check_post;True;False;False;False
MC Accountability;jrollwage;0.11;test1234;sid-0fe33018152240cea6cd7e67fc92b35c;26;ExpSection.FQSection.mani_check_post;mani_check_post;1641830617.3094704;1641830619.6731248;2.363654375076294;open;open;forward;systematic_information_processing;suspicion_check;True;False;False;False
MC Accountability;jrollwage;0.11;test1234;sid-0fe33018152240cea6cd7e67fc92b35c;27;ExpSection.FQSection.suspicion_check;suspicion_check;1641830619.6781294;1641830623.3699899;3.6918604373931885;open;open;forward;mani_check_post;finalquestionnaire_5;True;False;False;False
MC Accountability;jrollwage;0.11;test1234;sid-0fe33018152240cea6cd7e67fc92b35c;28;ExpSection.FQSection.finalquestionnaire_5;finalquestionnaire_5;1641830623.3749943;1641830626.9797761;3.6047818660736084;open;open;forward;suspicion_check;exp_reg_selection;True;False;False;False
MC Accountability;jrollwage;0.11;test1234;sid-0fe33018152240cea6cd7e67fc92b35c;29;ExpSection.SelRegSection.exp_reg_selection;exp_reg_selection;1641830626.9852862;1641830628.886016;1.9007296562194824;open;open;forward;finalquestionnaire_5;exp_registration;True;False;False;False
MC Accountability;jrollwage;0.11;test1234;sid-0fe33018152240cea6cd7e67fc92b35c;30;ExpSection.SelRegSection.exp_registration;exp_registration;1641830628.8910205;1641830629.3494377;0.4584171772003174;open;open;jump;exp_reg_selection;_abort_5ec48ec54ad94dfcb597373085e20483;True;False;False;False
MC Accountability;jrollwage;0.11;test1234;sid-df9c1bf883524179a5603ceb47dcdeee;1;ExpSection.landingpage;landingpage;1641830828.957462;1641830830.2758546;1.3183925151824951;open;open;forward;;InformedConsentPage;True;False;False;False
MC Accountability;jrollwage;0.11;test1234;sid-df9c1bf883524179a5603ceb47dcdeee;2;ExpSection.InformedConsentPage;InformedConsentPage;1641830830.2758546;1641830831.7729056;1.4970510005950928;open;open;forward;landingpage;exp_screening;True;False;False;False
MC Accountability;jrollwage;0.11;test1234;sid-df9c1bf883524179a5603ceb47dcdeee;3;ExpSection.exp_screening;exp_screening;1641830831.7729056;1641830834.2629805;2.490074872970581;open;open;forward;InformedConsentPage;initial;True;False;False;False
MC Accountability;jrollwage;0.11;test1234;sid-df9c1bf883524179a5603ceb47dcdeee;4;ExpSection.InstructionSection.initial;initial;1641830834.4861832;1641830843.2446685;8.758485317230225;open;open;forward;exp_screening;instruction1;True;False;False;False
MC Accountability;jrollwage;0.11;test1234;sid-df9c1bf883524179a5603ceb47dcdeee;5;ExpSection.InstructionSection.instruction1;instruction1;1641830843.2456694;1641830844.6099114;1.3642420768737793;open;open;forward;initial;mani_check_pre;True;False;False;False
MC Accountability;jrollwage;0.11;test1234;sid-df9c1bf883524179a5603ceb47dcdeee;6;ExpSection.InstructionSection.mani_check_pre;mani_check_pre;1641830844.6109118;1641830846.4305677;1.8196558952331543;open;open;forward;instruction1;final_stress;True;False;False;False
MC Accountability;jrollwage;0.11;test1234;sid-df9c1bf883524179a5603ceb47dcdeee;7;ExpSection.InstructionSection.final_stress;final_stress;1641830846.4315684;1641830855.2971401;8.865571737289429;open;open;forward;mani_check_pre;task_page_1;True;False;False;False
MC Accountability;jrollwage;0.11;test1234;sid-df9c1bf883524179a5603ceb47dcdeee;8;ExpSection.TaskSection.task_page_1;task_page_1;1641830855.2991414;1641830857.5992343;2.300092935562134;open;open;forward;final_stress;task_page_2;True;False;False;False
MC Accountability;jrollwage;0.11;test1234;sid-df9c1bf883524179a5603ceb47dcdeee;9;ExpSection.TaskSection.task_page_2;task_page_2;1641830857.601236;1641830859.4449131;1.843677043914795;open;open;forward;task_page_1;task_page_3;True;False;False;False
MC Accountability;jrollwage;0.11;test1234;sid-df9c1bf883524179a5603ceb47dcdeee;10;ExpSection.TaskSection.task_page_3;task_page_3;1641830859.4469151;1641830861.1864984;1.7395832538604736;open;open;forward;task_page_2;task_page_4;True;False;False;False
MC Accountability;jrollwage;0.11;test1234;sid-df9c1bf883524179a5603ceb47dcdeee;11;ExpSection.TaskSection.task_page_4;task_page_4;1641830861.1885;1641830862.7309034;1.5424034595489502;open;open;forward;task_page_3;task_page_5;True;False;False;False
MC Accountability;jrollwage;0.11;test1234;sid-df9c1bf883524179a5603ceb47dcdeee;12;ExpSection.TaskSection.task_page_5;task_page_5;1641830862.7339065;1641830864.252793;1.5188865661621094;open;open;forward;task_page_4;task_page_6;True;False;False;False
MC Accountability;jrollwage;0.11;test1234;sid-df9c1bf883524179a5603ceb47dcdeee;13;ExpSection.TaskSection.task_page_6;task_page_6;1641830864.2557952;1641830866.0764518;1.8206565380096436;open;open;forward;task_page_5;task_page_7;True;False;False;False
MC Accountability;jrollwage;0.11;test1234;sid-df9c1bf883524179a5603ceb47dcdeee;14;ExpSection.TaskSection.task_page_7;task_page_7;1641830866.079455;1641830867.833051;1.7535960674285889;open;open;forward;task_page_6;task_page_8;True;False;False;False
MC Accountability;jrollwage;0.11;test1234;sid-df9c1bf883524179a5603ceb47dcdeee;15;ExpSection.TaskSection.task_page_8;task_page_8;1641830867.8360531;1641830869.2853715;1.4493184089660645;open;open;forward;task_page_7;task_page_9;True;False;False;False
MC Accountability;jrollwage;0.11;test1234;sid-df9c1bf883524179a5603ceb47dcdeee;16;ExpSection.TaskSection.task_page_9;task_page_9;1641830869.2883742;1641830870.9018424;1.6134681701660156;open;open;forward;task_page_8;task_page_10;True;False;False;False
MC Accountability;jrollwage;0.11;test1234;sid-df9c1bf883524179a5603ceb47dcdeee;17;ExpSection.TaskSection.task_page_10;task_page_10;1641830870.9048448;1641830872.8746371;1.969792366027832;open;open;forward;task_page_9;task_page_11;True;False;False;False
MC Accountability;jrollwage;0.11;test1234;sid-df9c1bf883524179a5603ceb47dcdeee;18;ExpSection.TaskSection.task_page_11;task_page_11;1641830872.8786407;1641830874.6007125;1.722071886062622;open;open;forward;task_page_10;task_page_12;True;False;False;False
MC Accountability;jrollwage;0.11;test1234;sid-df9c1bf883524179a5603ceb47dcdeee;19;ExpSection.TaskSection.task_page_12;task_page_12;1641830874.6037152;1641830876.3112679;1.7075526714324951;open;open;forward;task_page_11;task_page_13;True;False;False;False
MC Accountability;jrollwage;0.11;test1234;sid-df9c1bf883524179a5603ceb47dcdeee;20;ExpSection.TaskSection.task_page_13;task_page_13;1641830876.3152716;1641830877.934745;1.6194734573364258;open;open;forward;task_page_12;task_page_14;True;False;False;False
MC Accountability;jrollwage;0.11;test1234;sid-df9c1bf883524179a5603ceb47dcdeee;21;ExpSection.TaskSection.task_page_14;task_page_14;1641830877.9387488;1641830881.0670981;3.1283493041992188;open;open;forward;task_page_13;task_page_15;True;False;False;False
MC Accountability;jrollwage;0.11;test1234;sid-df9c1bf883524179a5603ceb47dcdeee;22;ExpSection.TaskSection.task_page_15;task_page_15;1641830881.071102;1641830882.652541;1.5814390182495117;open;open;forward;task_page_14;epistemic_motivation;True;False;False;False
MC Accountability;jrollwage;0.11;test1234;sid-df9c1bf883524179a5603ceb47dcdeee;23;ExpSection.FQSection.epistemic_motivation;epistemic_motivation;1641830882.6575458;1641830889.1919954;6.534449577331543;open;open;forward;task_page_15;MC_accountability;True;False;False;False
MC Accountability;jrollwage;0.11;test1234;sid-df9c1bf883524179a5603ceb47dcdeee;24;ExpSection.FQSection.MC_accountability;MC_accountability;1641830889.195999;1641830894.6089246;5.412925720214844;open;open;forward;epistemic_motivation;systematic_information_processing;True;False;False;False
MC Accountability;jrollwage;0.11;test1234;sid-df9c1bf883524179a5603ceb47dcdeee;25;ExpSection.FQSection.systematic_information_processing;systematic_information_processing;1641830894.612928;1641830896.9205344;2.3076064586639404;open;open;forward;MC_accountability;mani_check_post;True;False;False;False
MC Accountability;jrollwage;0.11;test1234;sid-df9c1bf883524179a5603ceb47dcdeee;26;ExpSection.FQSection.mani_check_post;mani_check_post;1641830896.924538;1641830898.4779515;1.5534136295318604;open;open;forward;systematic_information_processing;suspicion_check;True;False;False;False
MC Accountability;jrollwage;0.11;test1234;sid-df9c1bf883524179a5603ceb47dcdeee;27;ExpSection.FQSection.suspicion_check;suspicion_check;1641830898.4829557;1641830902.3824992;3.899543523788452;open;open;forward;mani_check_post;finalquestionnaire_5;True;False;False;False
MC Accountability;jrollwage;0.11;test1234;sid-df9c1bf883524179a5603ceb47dcdeee;28;ExpSection.FQSection.finalquestionnaire_5;finalquestionnaire_5;1641830902.387504;1641830906.2515233;3.8640191555023193;open;open;forward;suspicion_check;exp_reg_selection;True;False;False;False
MC Accountability;jrollwage;0.11;test1234;sid-df9c1bf883524179a5603ceb47dcdeee;29;ExpSection.SelRegSection.exp_reg_selection;exp_reg_selection;1641830906.2565274;1641830908.2463384;1.9898109436035156;open;open;forward;finalquestionnaire_5;exp_registration;True;False;False;False
MC Accountability;jrollwage;0.11;test1234;sid-df9c1bf883524179a5603ceb47dcdeee;30;ExpSection.SelRegSection.exp_registration;exp_registration;1641830908.2513428;1641830912.824503;4.573160171508789;open;open;jump;exp_reg_selection;_abort_30877ecaf3c24ca49451df6688397362;True;False;False;False
MC Accountability;jrollwage;0.11;test1234;sid-a10aca6089914f089a614d30f4d5b570;1;ExpSection.landingpage;landingpage;1641830958.5779357;1641830959.8500547;1.2721190452575684;open;open;forward;;InformedConsentPage;True;False;False;False
MC Accountability;jrollwage;0.11;test1234;sid-a10aca6089914f089a614d30f4d5b570;2;ExpSection.InformedConsentPage;InformedConsentPage;1641830959.8510556;1641830960.9678452;1.1167895793914795;open;open;forward;landingpage;exp_screening;True;False;False;False
MC Accountability;jrollwage;0.11;test1234;sid-a10aca6089914f089a614d30f4d5b570;3;ExpSection.exp_screening;exp_screening;1641830960.9728513;1641830963.9481447;2.9752933979034424;open;open;forward;InformedConsentPage;initial;True;False;False;False
MC Accountability;jrollwage;0.11;test1234;sid-a10aca6089914f089a614d30f4d5b570;4;ExpSection.InstructionSection.initial;initial;1641830964.172349;1641830975.179487;11.007138013839722;open;open;forward;exp_screening;instruction1;True;False;False;False
MC Accountability;jrollwage;0.11;test1234;sid-a10aca6089914f089a614d30f4d5b570;5;ExpSection.InstructionSection.instruction1;instruction1;1641830975.180488;1641830976.355061;1.1745729446411133;open;open;forward;initial;mani_check_pre;True;False;False;False
MC Accountability;jrollwage;0.11;test1234;sid-a10aca6089914f089a614d30f4d5b570;6;ExpSection.InstructionSection.mani_check_pre;mani_check_pre;1641830976.3560617;1641830978.0350952;1.6790335178375244;open;open;forward;instruction1;final_stress;True;False;False;False
MC Accountability;jrollwage;0.11;test1234;sid-a10aca6089914f089a614d30f4d5b570;7;ExpSection.InstructionSection.final_stress;final_stress;1641830978.0360959;1641830988.3556325;10.319536685943604;open;open;forward;mani_check_pre;task_page_1;True;False;False;False
MC Accountability;jrollwage;0.11;test1234;sid-a10aca6089914f089a614d30f4d5b570;8;ExpSection.TaskSection.task_page_1;task_page_1;1641830988.357634;1641830990.5306115;2.1729774475097656;open;open;forward;final_stress;task_page_2;True;False;False;False
MC Accountability;jrollwage;0.11;test1234;sid-a10aca6089914f089a614d30f4d5b570;9;ExpSection.TaskSection.task_page_2;task_page_2;1641830990.532613;1641830992.2421765;1.7095634937286377;open;open;forward;task_page_1;task_page_3;True;False;False;False
MC Accountability;jrollwage;0.11;test1234;sid-a10aca6089914f089a614d30f4d5b570;10;ExpSection.TaskSection.task_page_3;task_page_3;1641830992.2441783;1641830993.5153348;1.2711565494537354;open;open;forward;task_page_2;task_page_4;True;False;False;False
MC Accountability;jrollwage;0.11;test1234;sid-a10aca6089914f089a614d30f4d5b570;11;ExpSection.TaskSection.task_page_4;task_page_4;1641830993.5183372;1641830994.755463;1.2371256351470947;open;open;forward;task_page_3;task_page_5;True;False;False;False
MC Accountability;jrollwage;0.11;test1234;sid-a10aca6089914f089a614d30f4d5b570;12;ExpSection.TaskSection.task_page_5;task_page_5;1641830994.7584658;1641830996.315883;1.5574171543121338;open;open;forward;task_page_4;task_page_6;True;False;False;False
MC Accountability;jrollwage;0.11;test1234;sid-a10aca6089914f089a614d30f4d5b570;13;ExpSection.TaskSection.task_page_6;task_page_6;1641830996.317885;1641830998.189587;1.8717021942138672;open;open;forward;task_page_5;task_page_7;True;False;False;False
MC Accountability;jrollwage;0.11;test1234;sid-a10aca6089914f089a614d30f4d5b570;14;ExpSection.TaskSection.task_page_7;task_page_7;1641830998.191589;1641830999.9291697;1.7375805377960205;open;open;forward;task_page_6;task_page_8;True;False;False;False
MC Accountability;jrollwage;0.11;test1234;sid-a10aca6089914f089a614d30f4d5b570;15;ExpSection.TaskSection.task_page_8;task_page_8;1641830999.9321725;1641831001.394007;1.46183443069458;open;open;forward;task_page_7;task_page_9;True;False;False;False
MC Accountability;jrollwage;0.11;test1234;sid-a10aca6089914f089a614d30f4d5b570;16;ExpSection.TaskSection.task_page_9;task_page_9;1641831001.3970096;1641831002.7242174;1.3272078037261963;open;open;forward;task_page_8;task_page_10;True;False;False;False
MC Accountability;jrollwage;0.11;test1234;sid-a10aca6089914f089a614d30f4d5b570;17;ExpSection.TaskSection.task_page_10;task_page_10;1641831002.7272203;1641831004.3276768;1.6004564762115479;open;open;forward;task_page_9;task_page_11;True;False;False;False
MC Accountability;jrollwage;0.11;test1234;sid-a10aca6089914f089a614d30f4d5b570;18;ExpSection.TaskSection.task_page_11;task_page_11;1641831004.330679;1641831006.0872774;1.7565984725952148;open;open;forward;task_page_10;task_page_12;True;False;False;False
MC Accountability;jrollwage;0.11;test1234;sid-a10aca6089914f089a614d30f4d5b570;19;ExpSection.TaskSection.task_page_12;task_page_12;1641831006.0902798;1641831008.1366603;2.0463805198669434;open;open;forward;task_page_11;task_page_13;True;False;False;False
MC Accountability;jrollwage;0.11;test1234;sid-a10aca6089914f089a614d30f4d5b570;20;ExpSection.TaskSection.task_page_13;task_page_13;1641831008.140664;1641831010.0749295;1.934265375137329;open;open;forward;task_page_12;task_page_14;True;False;False;False
MC Accountability;jrollwage;0.11;test1234;sid-a10aca6089914f089a614d30f4d5b570;21;ExpSection.TaskSection.task_page_14;task_page_14;1641831010.0789325;1641831011.656872;1.577939510345459;open;open;forward;task_page_13;task_page_15;True;False;False;False
MC Accountability;jrollwage;0.11;test1234;sid-a10aca6089914f089a614d30f4d5b570;22;ExpSection.TaskSection.task_page_15;task_page_15;1641831011.6608756;1641831013.3884475;1.727571964263916;open;open;forward;task_page_14;epistemic_motivation;True;False;False;False
MC Accountability;jrollwage;0.11;test1234;sid-a10aca6089914f089a614d30f4d5b570;23;ExpSection.FQSection.epistemic_motivation;epistemic_motivation;1641831013.392451;1641831019.2687988;5.876347780227661;open;open;forward;task_page_15;MC_accountability;True;False;False;False
MC Accountability;jrollwage;0.11;test1234;sid-a10aca6089914f089a614d30f4d5b570;24;ExpSection.FQSection.MC_accountability;MC_accountability;1641831019.272802;1641831024.7498052;5.47700309753418;open;open;forward;epistemic_motivation;systematic_information_processing;True;False;False;False
MC Accountability;jrollwage;0.11;test1234;sid-a10aca6089914f089a614d30f4d5b570;25;ExpSection.FQSection.systematic_information_processing;systematic_information_processing;1641831024.7548099;1641831027.5748808;2.82007098197937;open;open;forward;MC_accountability;mani_check_post;True;False;False;False
MC Accountability;jrollwage;0.11;test1234;sid-a10aca6089914f089a614d30f4d5b570;26;ExpSection.FQSection.mani_check_post;mani_check_post;1641831027.579885;1641831029.2118742;1.6319892406463623;open;open;forward;systematic_information_processing;suspicion_check;True;False;False;False
MC Accountability;jrollwage;0.11;test1234;sid-a10aca6089914f089a614d30f4d5b570;27;ExpSection.FQSection.suspicion_check;suspicion_check;1641831029.2178793;1641831031.118135;1.9002556800842285;open;open;forward;mani_check_post;finalquestionnaire_5;True;False;False;False
MC Accountability;jrollwage;0.11;test1234;sid-a10aca6089914f089a614d30f4d5b570;28;ExpSection.FQSection.finalquestionnaire_5;finalquestionnaire_5;1641831031.1231394;1641831035.3259797;4.202840328216553;open;open;forward;suspicion_check;exp_reg_selection;True;False;False;False
MC Accountability;jrollwage;0.11;test1234;sid-a10aca6089914f089a614d30f4d5b570;29;ExpSection.SelRegSection.exp_reg_selection;exp_reg_selection;1641831035.331985;1641831037.6851254;2.353140354156494;open;open;forward;finalquestionnaire_5;exp_registration;True;False;False;False
MC Accountability;jrollwage;0.11;test1234;sid-a10aca6089914f089a614d30f4d5b570;30;ExpSection.SelRegSection.exp_registration;exp_registration;1641831037.6911304;1641831038.6995516;1.0084211826324463;open;open;forward;exp_reg_selection;feedback;True;False;False;False
MC Accountability;jrollwage;0.11;test1234;sid-a10aca6089914f089a614d30f4d5b570;31;ExpSection.EndSection.feedback;feedback;1641831038.6995516;1641831064.581827;25.882275342941284;open;open;forward;exp_registration;seriousness;True;False;False;False
MC Accountability;jrollwage;1.1;test1234;sid-bccc0b78ec7641f58e41afeed43926e4;1;ExpSection.landingpage;landingpage;1642413126.1394496;1642413127.279169;1.1397194862365723;open;open;forward;;InformedConsentPage;True;False;False;False
MC Accountability;jrollwage;1.1;test1234;sid-bccc0b78ec7641f58e41afeed43926e4;2;ExpSection.InformedConsentPage;InformedConsentPage;1642413127.279169;1642413128.7948549;1.515685796737671;open;open;forward;landingpage;exp_screening;True;False;False;False
MC Accountability;jrollwage;1.1;test1234;sid-bccc0b78ec7641f58e41afeed43926e4;3;ExpSection.exp_screening;exp_screening;1642413128.7958562;1642413131.5026326;2.7067763805389404;open;open;forward;InformedConsentPage;initial;True;False;False;False
MC Accountability;jrollwage;1.1;test1234;sid-bccc0b78ec7641f58e41afeed43926e4;4;ExpSection.InstructionSection.initial;initial;1642413131.7028146;1642413141.7177696;10.014955043792725;open;open;forward;exp_screening;instruction1;True;False;False;False
MC Accountability;jrollwage;1.1;test1234;sid-bccc0b78ec7641f58e41afeed43926e4;5;ExpSection.InstructionSection.instruction1;instruction1;1642413141.7187703;1642413142.9848702;1.2660999298095703;open;open;forward;initial;interview_date;True;False;False;False
MC Accountability;jrollwage;1.1;test1234;sid-bccc0b78ec7641f58e41afeed43926e4;6;ExpSection.InstructionSection.interview_date;interview_date;1642413142.985871;1642413149.2829955;6.29712438583374;open;open;forward;instruction1;mani_check_pre;True;False;False;False
MC Accountability;jrollwage;1.1;test1234;sid-bccc0b78ec7641f58e41afeed43926e4;7;ExpSection.InstructionSection.mani_check_pre;mani_check_pre;1642413149.2829955;1642413151.5868833;2.3038878440856934;open;open;forward;interview_date;task_start_page;True;False;False;False
MC Accountability;jrollwage;1.1;test1234;sid-bccc0b78ec7641f58e41afeed43926e4;8;ExpSection.task_start_page;task_start_page;1642413151.5878842;1642413152.6831784;1.0952942371368408;open;open;forward;mani_check_pre;task_page_1;True;False;False;False
MC Accountability;jrollwage;1.1;test1234;sid-bccc0b78ec7641f58e41afeed43926e4;9;ExpSection.TaskSection.task_page_1;task_page_1;1642413152.6841793;1642413154.9851136;2.300934314727783;open;open;forward;task_start_page;task_page_2;True;False;False;False
MC Accountability;jrollwage;1.1;test1234;sid-bccc0b78ec7641f58e41afeed43926e4;10;ExpSection.TaskSection.task_page_2;task_page_2;1642413154.9861143;1642413156.7654338;1.7793195247650146;open;open;forward;task_page_1;task_page_3;True;False;False;False
MC Accountability;jrollwage;1.1;test1234;sid-bccc0b78ec7641f58e41afeed43926e4;11;ExpSection.TaskSection.task_page_3;task_page_3;1642413156.7674358;1642413158.9888852;2.221449375152588;open;open;forward;task_page_2;task_page_4;True;False;False;False
MC Accountability;jrollwage;1.1;test1234;sid-bccc0b78ec7641f58e41afeed43926e4;12;ExpSection.TaskSection.task_page_4;task_page_4;1642413158.9908872;1642413161.0706315;2.079744338989258;open;open;forward;task_page_3;task_page_5;True;False;False;False
MC Accountability;jrollwage;1.1;test1234;sid-bccc0b78ec7641f58e41afeed43926e4;13;ExpSection.TaskSection.task_page_5;task_page_5;1642413161.072633;1642413162.9311595;1.8585264682769775;open;open;forward;task_page_4;task_page_6;True;False;False;False
MC Accountability;jrollwage;1.1;test1234;sid-bccc0b78ec7641f58e41afeed43926e4;14;ExpSection.TaskSection.task_page_6;task_page_6;1642413162.9331615;1642413164.6878932;1.7547316551208496;open;open;forward;task_page_5;task_page_7;True;False;False;False
MC Accountability;jrollwage;1.1;test1234;sid-bccc0b78ec7641f58e41afeed43926e4;15;ExpSection.TaskSection.task_page_7;task_page_7;1642413164.6898952;1642413166.9549258;2.2650306224823;open;open;forward;task_page_6;task_page_8;True;False;False;False
MC Accountability;jrollwage;1.1;test1234;sid-bccc0b78ec7641f58e41afeed43926e4;16;ExpSection.TaskSection.task_page_8;task_page_8;1642413166.9579282;1642413168.9030282;1.9451000690460205;open;open;forward;task_page_7;task_page_9;True;False;False;False
MC Accountability;jrollwage;1.1;test1234;sid-bccc0b78ec7641f58e41afeed43926e4;17;ExpSection.TaskSection.task_page_9;task_page_9;1642413168.9050298;1642413171.3126738;2.407644033432007;open;open;forward;task_page_8;task_page_10;True;False;False;False
MC Accountability;jrollwage;1.1;test1234;sid-bccc0b78ec7641f58e41afeed43926e4;18;ExpSection.TaskSection.task_page_10;task_page_10;1642413171.3156765;1642413173.9278796;2.6122031211853027;open;open;forward;task_page_9;task_completed_page;True;False;False;False
MC Accountability;jrollwage;1.1;test1234;sid-bccc0b78ec7641f58e41afeed43926e4;19;ExpSection.FQSection.task_completed_page;task_completed_page;1642413173.9308825;1642413174.9335477;1.0026652812957764;open;open;forward;task_page_10;epistemic_motivation;True;True;False;False
MC Accountability;jrollwage;1.1;test1234;sid-bccc0b78ec7641f58e41afeed43926e4;20;ExpSection.FQSection.epistemic_motivation;epistemic_motivation;1642413174.9365509;1642413180.2742102;5.3376593589782715;open;open;forward;task_completed_page;MC_accountability;True;True;False;False
MC Accountability;jrollwage;1.1;test1234;sid-bccc0b78ec7641f58e41afeed43926e4;21;ExpSection.FQSection.MC_accountability;MC_accountability;1642413180.2772126;1642413184.8406103;4.563397645950317;open;open;forward;epistemic_motivation;systematic_information_processing;True;True;False;False
MC Accountability;jrollwage;1.1;test1234;sid-bccc0b78ec7641f58e41afeed43926e4;22;ExpSection.FQSection.systematic_information_processing;systematic_information_processing;1642413184.8446138;1642413186.6180184;1.773404598236084;open;open;forward;MC_accountability;final_stress;True;True;False;False
MC Accountability;jrollwage;1.1;test1234;sid-bccc0b78ec7641f58e41afeed43926e4;23;ExpSection.FQSection.final_stress;final_stress;1642413186.6210198;1642413197.1415536;10.520533800125122;open;open;forward;systematic_information_processing;mani_check_post;True;True;False;False
MC Accountability;jrollwage;1.1;test1234;sid-bccc0b78ec7641f58e41afeed43926e4;24;ExpSection.FQSection.mani_check_post;mani_check_post;1642413197.145557;1642413199.4428692;2.2973122596740723;open;open;forward;final_stress;suspicion_check;True;True;False;False
MC Accountability;jrollwage;1.1;test1234;sid-bccc0b78ec7641f58e41afeed43926e4;25;ExpSection.FQSection.suspicion_check;suspicion_check;1642413199.4478738;1642413201.8997955;2.4519217014312744;open;open;forward;mani_check_post;demographics;True;True;False;False
MC Accountability;jrollwage;1.1;test1234;sid-bccc0b78ec7641f58e41afeed43926e4;26;ExpSection.FQSection.demographics;demographics;1642413201.9048;1642413204.9666123;3.061812400817871;open;open;forward;suspicion_check;feedback;True;True;False;False
MC Accountability;jrollwage;1.1;test1234;sid-bccc0b78ec7641f58e41afeed43926e4;27;ExpSection.FeedbackSection.feedback;feedback;1642413204.9716175;1642413214.007087;9.03546953201294;open;open;forward;demographics;exp_reg_selection;True;False;False;False
MC Accountability;jrollwage;1.1;test1234;sid-bccc0b78ec7641f58e41afeed43926e4;28;ExpSection.SelRegSection.exp_reg_selection;exp_reg_selection;1642413214.012092;1642413216.0864503;2.0743582248687744;open;open;forward;feedback;exp_registration;True;False;False;False
MC Accountability;jrollwage;1.1;test1234;sid-bccc0b78ec7641f58e41afeed43926e4;29;ExpSection.SelRegSection.exp_registration;exp_registration;1642413216.091455;1642413216.8378172;0.7463622093200684;open;open;forward;exp_reg_selection;seriousness;True;False;False;False
MC Accountability;jrollwage;1.1;test1234;sid-bc2df37cae034517902d99d101fdb44c;1;ExpSection.landingpage;landingpage;1642416459.0940125;1642416460.586031;1.492018461227417;open;open;forward;;InformedConsentPage;True;False;False;False
MC Accountability;jrollwage;1.1;test1234;sid-bc2df37cae034517902d99d101fdb44c;2;ExpSection.InformedConsentPage;InformedConsentPage;1642416460.5875487;1642416462.1469512;1.5594024658203125;open;open;forward;landingpage;exp_screening;True;False;False;False
MC Accountability;jrollwage;1.1;test1234;sid-bc2df37cae034517902d99d101fdb44c;3;ExpSection.exp_screening;exp_screening;1642416462.1469512;1642416466.5889761;4.4420249462127686;open;open;forward;InformedConsentPage;initial;True;False;False;False
MC Accountability;jrollwage;1.1;test1234;sid-bc2df37cae034517902d99d101fdb44c;4;ExpSection.InstructionSection.initial;initial;1642416466.7861557;1642416476.261763;9.47560739517212;open;open;forward;exp_screening;instruction1;True;False;False;False
MC Accountability;jrollwage;1.1;test1234;sid-bc2df37cae034517902d99d101fdb44c;5;ExpSection.InstructionSection.instruction1;instruction1;1642416476.262764;1642416477.2516618;0.9888978004455566;open;open;forward;initial;interview_date;True;False;False;False
MC Accountability;jrollwage;1.1;test1234;sid-bc2df37cae034517902d99d101fdb44c;6;ExpSection.InstructionSection.interview_date;interview_date;1642416477.2526624;1642416482.7038703;5.451207876205444;open;open;forward;instruction1;mani_check_pre;True;False;False;False
MC Accountability;jrollwage;1.1;test1234;sid-bc2df37cae034517902d99d101fdb44c;7;ExpSection.InstructionSection.mani_check_pre;mani_check_pre;1642416482.7038703;1642416485.9092815;3.205411195755005;open;open;forward;interview_date;task_start_page;True;False;False;False
MC Accountability;jrollwage;1.1;test1234;sid-bc2df37cae034517902d99d101fdb44c;8;ExpSection.task_start_page;task_start_page;1642416485.911283;1642416486.8626506;0.9513676166534424;open;open;forward;mani_check_pre;task_page_1;True;False;False;False
MC Accountability;jrollwage;1.1;test1234;sid-bc2df37cae034517902d99d101fdb44c;9;ExpSection.TaskSection.task_page_1;task_page_1;1642416486.8636515;1642416488.9285345;2.06488299369812;open;open;forward;task_start_page;task_page_2;True;False;False;False
MC Accountability;jrollwage;1.1;test1234;sid-bc2df37cae034517902d99d101fdb44c;10;ExpSection.TaskSection.task_page_2;task_page_2;1642416488.929535;1642416491.0484574;2.118922472000122;open;open;forward;task_page_1;task_page_3;True;False;False;False
MC Accountability;jrollwage;1.1;test1234;sid-bc2df37cae034517902d99d101fdb44c;11;ExpSection.TaskSection.task_page_3;task_page_3;1642416491.0504596;1642416492.8661072;1.8156476020812988;open;open;forward;task_page_2;task_page_4;True;False;False;False
MC Accountability;jrollwage;1.1;test1234;sid-bc2df37cae034517902d99d101fdb44c;12;ExpSection.TaskSection.task_page_4;task_page_4;1642416492.868109;1642416494.6307077;1.7625987529754639;open;open;forward;task_page_3;task_page_5;True;False;False;False
MC Accountability;jrollwage;1.1;test1234;sid-bc2df37cae034517902d99d101fdb44c;13;ExpSection.TaskSection.task_page_5;task_page_5;1642416494.6327097;1642416496.313235;1.680525302886963;open;open;forward;task_page_4;task_page_6;True;False;False;False
MC Accountability;jrollwage;1.1;test1234;sid-bc2df37cae034517902d99d101fdb44c;14;ExpSection.TaskSection.task_page_6;task_page_6;1642416496.315237;1642416498.280031;1.9647939205169678;open;open;forward;task_page_5;task_page_7;True;False;False;False
MC Accountability;jrollwage;1.1;test1234;sid-bc2df37cae034517902d99d101fdb44c;15;ExpSection.TaskSection.task_page_7;task_page_7;1642416498.282033;1642416500.0831707;1.8011376857757568;open;open;forward;task_page_6;task_page_8;True;False;False;False
MC Accountability;jrollwage;1.1;test1234;sid-bc2df37cae034517902d99d101fdb44c;16;ExpSection.TaskSection.task_page_8;task_page_8;1642416500.0851722;1642416501.9588733;1.8737010955810547;open;open;forward;task_page_7;task_page_9;True;False;False;False
MC Accountability;jrollwage;1.1;test1234;sid-bc2df37cae034517902d99d101fdb44c;17;ExpSection.TaskSection.task_page_9;task_page_9;1642416501.960875;1642416504.244452;2.2835769653320312;open;open;forward;task_page_8;task_page_10;True;False;False;False
MC Accountability;jrollwage;1.1;test1234;sid-bc2df37cae034517902d99d101fdb44c;18;ExpSection.TaskSection.task_page_10;task_page_10;1642416504.247454;1642416506.3783882;2.130934238433838;open;open;forward;task_page_9;task_completed_page;True;False;False;False
MC Accountability;jrollwage;1.1;test1234;sid-bc2df37cae034517902d99d101fdb44c;19;ExpSection.FQSection.task_completed_page;task_completed_page;1642416506.3813906;1642416507.1515942;0.7702035903930664;open;open;forward;task_page_10;epistemic_motivation;True;True;False;False
MC Accountability;jrollwage;1.1;test1234;sid-bc2df37cae034517902d99d101fdb44c;20;ExpSection.FQSection.epistemic_motivation;epistemic_motivation;1642416507.154597;1642416513.245141;6.090543985366821;open;open;forward;task_completed_page;MC_accountability;True;True;False;False
MC Accountability;jrollwage;1.1;test1234;sid-bc2df37cae034517902d99d101fdb44c;21;ExpSection.FQSection.MC_accountability;MC_accountability;1642416513.2481437;1642416517.8693383;4.62119460105896;open;open;forward;epistemic_motivation;systematic_information_processing;True;True;False;False
MC Accountability;jrollwage;1.1;test1234;sid-bc2df37cae034517902d99d101fdb44c;22;ExpSection.FQSection.systematic_information_processing;systematic_information_processing;1642416517.8733418;1642416519.8856745;2.0123326778411865;open;open;forward;MC_accountability;final_stress;True;True;False;False
MC Accountability;jrollwage;1.1;test1234;sid-bc2df37cae034517902d99d101fdb44c;23;ExpSection.FQSection.final_stress;final_stress;1642416519.8896778;1642416530.3121564;10.422478675842285;open;open;forward;systematic_information_processing;mani_check_post;True;True;False;False
MC Accountability;jrollwage;1.1;test1234;sid-bc2df37cae034517902d99d101fdb44c;24;ExpSection.FQSection.mani_check_post;mani_check_post;1642416530.3161597;1642416532.9095223;2.59336256980896;open;open;forward;final_stress;suspicion_check;True;True;False;False
MC Accountability;jrollwage;1.1;test1234;sid-bc2df37cae034517902d99d101fdb44c;25;ExpSection.FQSection.suspicion_check;suspicion_check;1642416532.9135246;1642416534.6951418;1.7816171646118164;open;open;forward;mani_check_post;demographics;True;True;False;False
MC Accountability;jrollwage;1.1;test1234;sid-bc2df37cae034517902d99d101fdb44c;26;ExpSection.FQSection.demographics;demographics;1642416534.6991456;1642416537.74491;3.045764446258545;open;open;forward;suspicion_check;feedback;True;True;False;False
MC Accountability;jrollwage;1.1;test1234;sid-bc2df37cae034517902d99d101fdb44c;27;ExpSection.FeedbackSection.feedback;feedback;1642416537.7499144;1642416572.1871977;34.4372832775116;open;open;forward;demographics;exp_reg_selection;True;False;False;False
MC Accountability;jrollwage;1.1;test1234;sid-bc2df37cae034517902d99d101fdb44c;28;ExpSection.SelRegSection.exp_reg_selection;exp_reg_selection;1642416572.1932178;1642416574.0921154;1.898897647857666;open;open;forward;feedback;exp_registration;True;False;False;False
MC Accountability;jrollwage;1.1;test1234;sid-bc2df37cae034517902d99d101fdb44c;29;ExpSection.SelRegSection.exp_registration;exp_registration;1642416574.0971262;1642416574.9190884;0.8219621181488037;open;open;forward;exp_reg_selection;seriousness;True;False;False;False
Acc_MC_lab_test;jrollwage;1.0;test12345678;sid-4c6ea74093ba4353873d14f87f757853;1;ExpSection.landingpage;landingpage;1653377978.8781962;1653377979.8440735;0.9658772945404053;open;open;forward;;InformedConsentPage;True;False;False;False
Acc_MC_lab_test;jrollwage;1.0;test12345678;sid-4c6ea74093ba4353873d14f87f757853;2;ExpSection.InformedConsentPage;InformedConsentPage;1653377979.8440735;1653377980.9811063;1.1370327472686768;open;open;forward;landingpage;exp_screening;True;False;False;False
Acc_MC_lab_test;jrollwage;1.0;test12345678;sid-4c6ea74093ba4353873d14f87f757853;3;ExpSection.exp_screening;exp_screening;1653377980.9811063;1653377986.3739572;5.392850875854492;open;open;forward;InformedConsentPage;initial;True;False;False;False
Acc_MC_lab_test;jrollwage;1.0;test12345678;sid-4c6ea74093ba4353873d14f87f757853;4;ExpSection.InstructionSection.initial;initial;1653377986.6241848;1653377997.8283365;11.204151630401611;open;open;forward;exp_screening;instruction1;True;False;False;False
Acc_MC_lab_test;jrollwage;1.0;test12345678;sid-4c6ea74093ba4353873d14f87f757853;5;ExpSection.InstructionSection.instruction1;instruction1;1653377997.8303382;1653377998.8422577;1.0119194984436035;open;open;forward;initial;mani_check_pre;True;False;False;False
Acc_MC_lab_test;jrollwage;1.0;test12345678;sid-4c6ea74093ba4353873d14f87f757853;6;ExpSection.InstructionSection.mani_check_pre;mani_check_pre;1653377998.8442593;1653378000.4877522;1.6434929370880127;open;open;forward;instruction1;task_start_page;True;False;False;False
Acc_MC_lab_test;jrollwage;1.0;test12345678;sid-4c6ea74093ba4353873d14f87f757853;7;ExpSection.task_start_page;task_start_page;1653378000.488753;1653378001.430609;0.9418559074401855;open;open;forward;mani_check_pre;task_page_1;True;False;False;False
Acc_MC_lab_test;jrollwage;1.0;test12345678;sid-4c6ea74093ba4353873d14f87f757853;8;ExpSection.TaskSection.task_page_1;task_page_1;1653378001.4316096;1653378004.2341437;2.8025341033935547;open;open;forward;task_start_page;task_page_2;True;False;False;False
Acc_MC_lab_test;jrollwage;1.0;test12345678;sid-4c6ea74093ba4353873d14f87f757853;9;ExpSection.TaskSection.task_page_2;task_page_2;1653378004.2361457;1653378005.7665355;1.5303897857666016;open;open;forward;task_page_1;task_page_3;True;False;False;False
Acc_MC_lab_test;jrollwage;1.0;test12345678;sid-4c6ea74093ba4353873d14f87f757853;10;ExpSection.TaskSection.task_page_3;task_page_3;1653378005.768537;1653378007.3149316;1.5463945865631104;open;open;forward;task_page_2;task_page_4;True;False;False;False
Acc_MC_lab_test;jrollwage;1.0;test12345678;sid-4c6ea74093ba4353873d14f87f757853;11;ExpSection.TaskSection.task_page_4;task_page_4;1653378007.3179345;1653378008.5190234;1.2010889053344727;open;open;forward;task_page_3;task_page_5;True;False;False;False
Acc_MC_lab_test;jrollwage;1.0;test12345678;sid-4c6ea74093ba4353873d14f87f757853;12;ExpSection.TaskSection.task_page_5;task_page_5;1653378008.522026;1653378009.8812606;1.3592345714569092;open;open;forward;task_page_4;task_page_6;True;False;False;False
Acc_MC_lab_test;jrollwage;1.0;test12345678;sid-4c6ea74093ba4353873d14f87f757853;13;ExpSection.TaskSection.task_page_6;task_page_6;1653378009.8842626;1653378011.1303895;1.2461268901824951;open;open;forward;task_page_5;task_page_7;True;False;False;False
Acc_MC_lab_test;jrollwage;1.0;test12345678;sid-4c6ea74093ba4353873d14f87f757853;14;ExpSection.TaskSection.task_page_7;task_page_7;1653378011.1333923;1653378012.3525;1.2191076278686523;open;open;forward;task_page_6;task_page_8;True;False;False;False
Acc_MC_lab_test;jrollwage;1.0;test12345678;sid-4c6ea74093ba4353873d14f87f757853;15;ExpSection.TaskSection.task_page_8;task_page_8;1653378012.3555026;1653378013.538577;1.1830744743347168;open;open;forward;task_page_7;task_page_9;True;False;False;False
Acc_MC_lab_test;jrollwage;1.0;test12345678;sid-4c6ea74093ba4353873d14f87f757853;16;ExpSection.TaskSection.task_page_9;task_page_9;1653378013.5415797;1653378014.6565924;1.1150126457214355;open;open;forward;task_page_8;task_page_10;True;False;False;False
Acc_MC_lab_test;jrollwage;1.0;test12345678;sid-4c6ea74093ba4353873d14f87f757853;17;ExpSection.TaskSection.task_page_10;task_page_10;1653378014.6605964;1653378015.992806;1.332209587097168;open;open;forward;task_page_9;task_completed_page;True;False;False;False
Acc_MC_lab_test;jrollwage;1.0;test12345678;sid-4c6ea74093ba4353873d14f87f757853;18;ExpSection.FQSection.task_completed_page;task_completed_page;1653378015.9968092;1653378016.7034516;0.7066423892974854;open;open;forward;task_page_10;epistemic_motivation;True;True;False;False
Acc_MC_lab_test;jrollwage;1.0;test12345678;sid-4c6ea74093ba4353873d14f87f757853;19;ExpSection.FQSection.epistemic_motivation;epistemic_motivation;1653378016.7074547;1653378022.6808798;5.9734251499176025;open;open;forward;task_completed_page;MC_accountability;True;True;False;False
Acc_MC_lab_test;jrollwage;1.0;test12345678;sid-4c6ea74093ba4353873d14f87f757853;20;ExpSection.FQSection.MC_accountability;MC_accountability;1653378022.6858845;1653378027.656399;4.970514535903931;open;open;forward;epistemic_motivation;systematic_information_processing;True;True;False;False
Acc_MC_lab_test;jrollwage;1.0;test12345678;sid-4c6ea74093ba4353873d14f87f757853;21;ExpSection.FQSection.systematic_information_processing;systematic_information_processing;1653378027.661404;1653378029.2528496;1.5914456844329834;open;open;forward;MC_accountability;final_stress;True;True;False;False
Acc_MC_lab_test;jrollwage;1.0;test12345678;sid-4c6ea74093ba4353873d14f87f757853;22;ExpSection.FQSection.final_stress;final_stress;1653378029.257854;1653378040.1477468;10.889892816543579;open;open;forward;systematic_information_processing;mani_check_post;True;True;False;False
Acc_MC_lab_test;jrollwage;1.0;test12345678;sid-4c6ea74093ba4353873d14f87f757853;23;ExpSection.FQSection.mani_check_post;mani_check_post;1653378040.1537516;1653378041.9153519;1.7616002559661865;open;open;forward;final_stress;suspicion_check;True;True;False;False
Acc_MC_lab_test;jrollwage;1.0;test12345678;sid-4c6ea74093ba4353873d14f87f757853;24;ExpSection.FQSection.suspicion_check;suspicion_check;1653378041.9213574;1653378043.9351866;2.013829231262207;open;open;forward;mani_check_post;demographics;True;True;False;False
Acc_MC_lab_test;jrollwage;1.0;test12345678;sid-4c6ea74093ba4353873d14f87f757853;25;ExpSection.FQSection.demographics;demographics;1653378043.941192;1653378047.3052425;3.3640506267547607;open;open;forward;suspicion_check;feedback;True;True;False;False
Acc_MC_lab_test;jrollwage;1.0;test12345678;sid-4c6ea74093ba4353873d14f87f757853;26;ExpSection.FeedbackSection.feedback;feedback;1653378047.312248;1653378099.4523432;52.140095233917236;open;open;forward;demographics;exp_reg_selection;True;False;False;False
Acc_MC_lab_test;jrollwage;1.0;test12345678;sid-4c6ea74093ba4353873d14f87f757853;27;ExpSection.SelRegSection.exp_reg_selection;exp_reg_selection;1653378099.4583488;1653378101.5552464;2.096897602081299;open;open;forward;feedback;exp_registration;True;False;False;False
Acc_MC_lab_test;jrollwage;1.0;test12345678;sid-b51256d89bf245b793f32c5ef6e3da59;1;ExpSection.landingpage;landingpage;1653379643.6768134;1653379656.3081188;12.631305456161499;open;open;forward;;InformedConsentPage;True;False;False;False
Acc_MC_lab_test;jrollwage;1.0;test12345678;sid-b51256d89bf245b793f32c5ef6e3da59;2;ExpSection.InformedConsentPage;InformedConsentPage;1653379656.3081188;1653379657.8415093;1.5333905220031738;open;open;forward;landingpage;exp_screening;True;False;False;False
Acc_MC_lab_test;jrollwage;1.0;test12345678;sid-b51256d89bf245b793f32c5ef6e3da59;3;ExpSection.exp_screening;exp_screening;1653379657.8415093;1653379663.0461924;5.204683065414429;open;open;forward;InformedConsentPage;initial;True;False;False;False
Acc_MC_lab_test;jrollwage;1.0;test12345678;sid-b51256d89bf245b793f32c5ef6e3da59;4;ExpSection.InstructionSection.initial;initial;1653379663.303426;1653379674.4865828;11.183156728744507;open;open;forward;exp_screening;interview_date;True;False;False;False
Acc_MC_lab_test;jrollwage;1.0;test12345678;sid-b51256d89bf245b793f32c5ef6e3da59;5;ExpSection.InstructionSection.interview_date;interview_date;1653379674.4885848;1653379691.313587;16.825002193450928;open;open;forward;initial;instruction1;True;False;False;False
Acc_MC_lab_test;jrollwage;1.0;test12345678;sid-b51256d89bf245b793f32c5ef6e3da59;6;ExpSection.InstructionSection.instruction1;instruction1;1653379691.313587;1653379693.0821862;1.768599271774292;open;open;forward;interview_date;mani_check_pre;True;False;False;False
Acc_MC_lab_test;jrollwage;1.0;test12345678;sid-b51256d89bf245b793f32c5ef6e3da59;7;ExpSection.InstructionSection.mani_check_pre;mani_check_pre;1653379693.083187;1653379696.3001041;3.216917037963867;open;open;forward;instruction1;task_start_page;True;False;False;False
Acc_MC_lab_test;jrollwage;1.0;test12345678;sid-b51256d89bf245b793f32c5ef6e3da59;8;ExpSection.task_start_page;task_start_page;1653379696.3021061;1653379697.5071964;1.2050902843475342;open;open;forward;mani_check_pre;task_page_1;True;False;False;False
Acc_MC_lab_test;jrollwage;1.0;test12345678;sid-b51256d89bf245b793f32c5ef6e3da59;9;ExpSection.TaskSection.task_page_1;task_page_1;1653379697.5081975;1653379699.6141057;2.105908155441284;open;open;forward;task_start_page;task_page_2;True;False;False;False
Acc_MC_lab_test;jrollwage;1.0;test12345678;sid-b51256d89bf245b793f32c5ef6e3da59;10;ExpSection.TaskSection.task_page_2;task_page_2;1653379699.6161075;1653379701.0804362;1.4643287658691406;open;open;forward;task_page_1;task_page_3;True;False;False;False
Acc_MC_lab_test;jrollwage;1.0;test12345678;sid-b51256d89bf245b793f32c5ef6e3da59;11;ExpSection.TaskSection.task_page_3;task_page_3;1653379701.0834389;1653379702.4676898;1.3842508792877197;open;open;forward;task_page_2;task_page_4;True;False;False;False
Acc_MC_lab_test;jrollwage;1.0;test12345678;sid-b51256d89bf245b793f32c5ef6e3da59;12;ExpSection.TaskSection.task_page_4;task_page_4;1653379702.4706926;1653379703.736843;1.2661504745483398;open;open;forward;task_page_3;task_page_5;True;False;False;False
Acc_MC_lab_test;jrollwage;1.0;test12345678;sid-b51256d89bf245b793f32c5ef6e3da59;13;ExpSection.TaskSection.task_page_5;task_page_5;1653379703.7398467;1653379705.2141843;1.4743375778198242;open;open;forward;task_page_4;task_page_6;True;False;False;False
Acc_MC_lab_test;jrollwage;1.0;test12345678;sid-b51256d89bf245b793f32c5ef6e3da59;14;ExpSection.TaskSection.task_page_6;task_page_6;1653379705.2171862;1653379706.604445;1.387258768081665;open;open;forward;task_page_5;task_page_7;True;False;False;False
Acc_MC_lab_test;jrollwage;1.0;test12345678;sid-b51256d89bf245b793f32c5ef6e3da59;15;ExpSection.TaskSection.task_page_7;task_page_7;1653379706.6074474;1653379707.8585835;1.251136064529419;open;open;forward;task_page_6;task_page_8;True;False;False;False
Acc_MC_lab_test;jrollwage;1.0;test12345678;sid-b51256d89bf245b793f32c5ef6e3da59;16;ExpSection.TaskSection.task_page_8;task_page_8;1653379707.8615863;1653379709.1947978;1.3332114219665527;open;open;forward;task_page_7;task_page_9;True;False;False;False
Acc_MC_lab_test;jrollwage;1.0;test12345678;sid-b51256d89bf245b793f32c5ef6e3da59;17;ExpSection.TaskSection.task_page_9;task_page_9;1653379709.1978004;1653379710.3448424;1.1470420360565186;open;open;forward;task_page_8;task_page_10;True;False;False;False
Acc_MC_lab_test;jrollwage;1.0;test12345678;sid-b51256d89bf245b793f32c5ef6e3da59;18;ExpSection.TaskSection.task_page_10;task_page_10;1653379710.3488457;1653379711.3367434;0.9878976345062256;open;open;forward;task_page_9;task_completed_page;True;False;False;False
Acc_MC_lab_test;jrollwage;1.0;test12345678;sid-b51256d89bf245b793f32c5ef6e3da59;19;ExpSection.FQSection.task_completed_page;task_completed_page;1653379711.340747;1653379712.1074438;0.7666966915130615;open;open;forward;task_page_10;epistemic_motivation;True;True;False;False
Acc_MC_lab_test;jrollwage;1.0;test12345678;sid-b51256d89bf245b793f32c5ef6e3da59;20;ExpSection.FQSection.epistemic_motivation;epistemic_motivation;1653379712.112448;1653379717.722544;5.610095977783203;open;open;forward;task_completed_page;MC_accountability;True;True;False;False
Acc_MC_lab_test;jrollwage;1.0;test12345678;sid-b51256d89bf245b793f32c5ef6e3da59;21;ExpSection.FQSection.MC_accountability;MC_accountability;1653379717.7275486;1653379721.7592106;4.0316619873046875;open;open;forward;epistemic_motivation;systematic_information_processing;True;True;False;False
Acc_MC_lab_test;jrollwage;1.0;test12345678;sid-b51256d89bf245b793f32c5ef6e3da59;22;ExpSection.FQSection.systematic_information_processing;systematic_information_processing;1653379721.7642152;1653379723.688964;1.9247486591339111;open;open;forward;MC_accountability;final_stress;True;True;False;False
Acc_MC_lab_test;jrollwage;1.0;test12345678;sid-b51256d89bf245b793f32c5ef6e3da59;23;ExpSection.FQSection.final_stress;final_stress;1653379723.6939683;1653379734.709975;11.016006708145142;open;open;forward;systematic_information_processing;mani_check_post;True;True;False;False
Acc_MC_lab_test;jrollwage;1.0;test12345678;sid-b51256d89bf245b793f32c5ef6e3da59;24;ExpSection.FQSection.mani_check_post;mani_check_post;1653379734.7159805;1653379736.5266259;1.810645341873169;open;open;forward;final_stress;suspicion_check;True;True;False;False
Acc_MC_lab_test;jrollwage;1.0;test12345678;sid-b51256d89bf245b793f32c5ef6e3da59;25;ExpSection.FQSection.suspicion_check;suspicion_check;1653379736.5326304;1653379738.2131572;1.6805267333984375;open;open;forward;mani_check_post;demographics;True;True;False;False
Acc_MC_lab_test;jrollwage;1.0;test12345678;sid-b51256d89bf245b793f32c5ef6e3da59;26;ExpSection.FQSection.demographics;demographics;1653379738.2191625;1653379742.8783839;4.659221410751343;open;open;forward;suspicion_check;exp_reg_selection;True;True;False;False
Acc_MC_lab_test;jrollwage;1.0;test12345678;sid-b51256d89bf245b793f32c5ef6e3da59;27;ExpSection.SelRegSection.exp_reg_selection;exp_reg_selection;1653379742.88539;1653379749.0158808;6.130490779876709;open;open;forward;demographics;exp_registration;True;False;False;False
Acc_MC_lab_test;jrollwage;1.0;test12345678;sid-b51256d89bf245b793f32c5ef6e3da59;28;ExpSection.SelRegSection.exp_registration;exp_registration;1653379749.0218854;1653379756.3664765;7.34459114074707;open;open;forward;exp_reg_selection;feedback;True;False;False;False
Acc_MC_lab_test;jrollwage;1.0;test12345678;sid-d8f43c17b1a14c4fb5e13787aae0e852;1;ExpSection.landingpage;landingpage;1653379769.8176117;1653379775.4947312;5.677119493484497;open;open;forward;;InformedConsentPage;True;False;False;False
Acc_MC_lab_test;jrollwage;1.0;test12345678;sid-d8f43c17b1a14c4fb5e13787aae0e852;2;ExpSection.InformedConsentPage;InformedConsentPage;1653379775.4947312;1653379776.8759856;1.3812544345855713;open;open;forward;landingpage;exp_screening;True;False;False;False
Acc_MC_lab_test;jrollwage;1.0;test12345678;sid-d8f43c17b1a14c4fb5e13787aae0e852;3;ExpSection.exp_screening;exp_screening;1653379776.876987;1653379782.7882724;5.911285400390625;open;open;forward;InformedConsentPage;initial;True;False;False;False
Acc_MC_lab_test;jrollwage;1.0;test12345678;sid-d8f43c17b1a14c4fb5e13787aae0e852;4;ExpSection.InstructionSection.initial;initial;1653379783.058518;1653379792.9219775;9.863459587097168;open;open;forward;exp_screening;instruction1;True;False;False;False
Acc_MC_lab_test;jrollwage;1.0;test12345678;sid-d8f43c17b1a14c4fb5e13787aae0e852;5;ExpSection.InstructionSection.instruction1;instruction1;1653379792.9239798;1653379794.5144205;1.5904407501220703;open;open;forward;initial;mani_check_pre;True;False;False;False
Acc_MC_lab_test;jrollwage;1.0;test12345678;sid-d8f43c17b1a14c4fb5e13787aae0e852;6;ExpSection.InstructionSection.mani_check_pre;mani_check_pre;1653379794.5154214;1653379796.2399874;1.7245659828186035;open;open;forward;instruction1;task_start_page;True;False;False;False
Acc_MC_lab_test;jrollwage;1.0;test12345678;sid-d8f43c17b1a14c4fb5e13787aae0e852;7;ExpSection.task_start_page;task_start_page;1653379796.2419894;1653379797.3550003;1.1130108833312988;open;open;forward;mani_check_pre;task_page_1;True;False;False;False
Acc_MC_lab_test;jrollwage;1.0;test12345678;sid-d8f43c17b1a14c4fb5e13787aae0e852;8;ExpSection.TaskSection.task_page_1;task_page_1;1653379797.3570023;1653379799.5649924;2.2079901695251465;open;open;forward;task_start_page;task_page_2;True;False;False;False
Acc_MC_lab_test;jrollwage;1.0;test12345678;sid-d8f43c17b1a14c4fb5e13787aae0e852;9;ExpSection.TaskSection.task_page_2;task_page_2;1653379799.566994;1653379800.996289;1.4292950630187988;open;open;forward;task_page_1;task_page_3;True;False;False;False
Acc_MC_lab_test;jrollwage;1.0;test12345678;sid-d8f43c17b1a14c4fb5e13787aae0e852;10;ExpSection.TaskSection.task_page_3;task_page_3;1653379800.9982908;1653379802.114304;1.1160132884979248;open;open;forward;task_page_2;task_page_4;True;False;False;False
Acc_MC_lab_test;jrollwage;1.0;test12345678;sid-d8f43c17b1a14c4fb5e13787aae0e852;11;ExpSection.TaskSection.task_page_4;task_page_4;1653379802.1163058;1653379803.0821836;0.9658777713775635;open;open;forward;task_page_3;task_page_5;True;False;False;False
Acc_MC_lab_test;jrollwage;1.0;test12345678;sid-d8f43c17b1a14c4fb5e13787aae0e852;12;ExpSection.TaskSection.task_page_5;task_page_5;1653379803.0851858;1653379803.9729924;0.8878066539764404;open;open;forward;task_page_4;task_page_6;True;False;False;False
Acc_MC_lab_test;jrollwage;1.0;test12345678;sid-d8f43c17b1a14c4fb5e13787aae0e852;13;ExpSection.TaskSection.task_page_6;task_page_6;1653379803.975995;1653379805.006932;1.0309369564056396;open;open;forward;task_page_5;task_page_7;True;False;False;False
Acc_MC_lab_test;jrollwage;1.0;test12345678;sid-d8f43c17b1a14c4fb5e13787aae0e852;14;ExpSection.TaskSection.task_page_7;task_page_7;1653379805.0099342;1653379806.4602518;1.450317621231079;open;open;forward;task_page_6;task_page_8;True;False;False;False
Acc_MC_lab_test;jrollwage;1.0;test12345678;sid-d8f43c17b1a14c4fb5e13787aae0e852;15;ExpSection.TaskSection.task_page_8;task_page_8;1653379806.4632545;1653379808.199825;1.7365705966949463;open;open;forward;task_page_7;task_page_9;True;False;False;False
Acc_MC_lab_test;jrollwage;1.0;test12345678;sid-d8f43c17b1a14c4fb5e13787aae0e852;16;ExpSection.TaskSection.task_page_9;task_page_9;1653379808.2038286;1653379809.2717988;1.0679702758789062;open;open;forward;task_page_8;task_page_10;True;False;False;False
Acc_MC_lab_test;jrollwage;1.0;test12345678;sid-d8f43c17b1a14c4fb5e13787aae0e852;17;ExpSection.TaskSection.task_page_10;task_page_10;1653379809.2758024;1653379810.6840808;1.408278465270996;open;open;forward;task_page_9;task_completed_page;True;False;False;False
Acc_MC_lab_test;jrollwage;1.0;test12345678;sid-d8f43c17b1a14c4fb5e13787aae0e852;18;ExpSection.FQSection.task_completed_page;task_completed_page;1653379810.6890855;1653379811.4267557;0.7376701831817627;open;open;forward;task_page_10;epistemic_motivation;True;True;False;False
Acc_MC_lab_test;jrollwage;1.0;test12345678;sid-d8f43c17b1a14c4fb5e13787aae0e852;19;ExpSection.FQSection.epistemic_motivation;epistemic_motivation;1653379811.4307594;1653379817.1159232;5.685163736343384;open;open;forward;task_completed_page;MC_accountability;True;True;False;False
Acc_MC_lab_test;jrollwage;1.0;test12345678;sid-d8f43c17b1a14c4fb5e13787aae0e852;20;ExpSection.FQSection.MC_accountability;MC_accountability;1653379817.120928;1653379821.2426722;4.121744155883789;open;open;forward;epistemic_motivation;systematic_information_processing;True;True;False;False
Acc_MC_lab_test;jrollwage;1.0;test12345678;sid-d8f43c17b1a14c4fb5e13787aae0e852;21;ExpSection.FQSection.systematic_information_processing;systematic_information_processing;1653379821.2476764;1653379823.842032;2.594355583190918;open;open;forward;MC_accountability;final_stress;True;True;False;False
Acc_MC_lab_test;jrollwage;1.0;test12345678;sid-d8f43c17b1a14c4fb5e13787aae0e852;22;ExpSection.FQSection.final_stress;final_stress;1653379823.8470361;1653379834.8820596;11.03502345085144;open;open;forward;systematic_information_processing;mani_check_post;True;True;False;False
Acc_MC_lab_test;jrollwage;1.0;test12345678;sid-d8f43c17b1a14c4fb5e13787aae0e852;23;ExpSection.FQSection.mani_check_post;mani_check_post;1653379834.8880649;1653379836.1892467;1.3011817932128906;open;open;forward;final_stress;suspicion_check;True;True;False;False
Acc_MC_lab_test;jrollwage;1.0;test12345678;sid-d8f43c17b1a14c4fb5e13787aae0e852;24;ExpSection.FQSection.suspicion_check;suspicion_check;1653379836.1952522;1653379838.6174474;2.4221951961517334;open;open;forward;mani_check_post;demographics;True;True;False;False
Acc_MC_lab_test;jrollwage;1.0;test12345678;sid-d8f43c17b1a14c4fb5e13787aae0e852;25;ExpSection.FQSection.demographics;demographics;1653379838.6234527;1653379841.8864164;3.2629637718200684;open;open;forward;suspicion_check;exp_reg_selection;True;True;False;False
Acc_MC_lab_test;jrollwage;1.0;test12345678;sid-d8f43c17b1a14c4fb5e13787aae0e852;26;ExpSection.SelRegSection.exp_reg_selection;exp_reg_selection;1653379841.8934226;1653379843.9602952;2.0668725967407227;open;open;forward;demographics;exp_registration;True;False;False;False
Acc_MC_lab_test;jrollwage;1.0;test12345678;sid-d8f43c17b1a14c4fb5e13787aae0e852;27;ExpSection.SelRegSection.exp_registration;exp_registration;1653379843.9663007;1653379874.235577;30.26927638053894;open;open;forward;exp_reg_selection;feedback;True;False;False;False
Acc_MC_lab_test;jrollwage;1.0;test12345678;sid-b60bc2d5bcda45329ec87298d5c536cb;1;ExpSection.landingpage;landingpage;1653379881.400081;1653379883.0115428;1.611461877822876;open;open;forward;;InformedConsentPage;True;False;False;False
Acc_MC_lab_test;jrollwage;1.0;test12345678;sid-b60bc2d5bcda45329ec87298d5c536cb;2;ExpSection.InformedConsentPage;InformedConsentPage;1653379883.0115428;1653379884.5389295;1.5273866653442383;open;open;forward;landingpage;exp_screening;True;False;False;False
Acc_MC_lab_test;jrollwage;1.0;test12345678;sid-b60bc2d5bcda45329ec87298d5c536cb;3;ExpSection.exp_screening;exp_screening;1653379884.5389295;1653379888.9849372;4.44600772857666;open;open;forward;InformedConsentPage;initial;True;False;False;False
Acc_MC_lab_test;jrollwage;1.0;test12345678;sid-b60bc2d5bcda45329ec87298d5c536cb;4;ExpSection.InstructionSection.initial;initial;1653379889.240169;1653379899.8918445;10.651675462722778;open;open;forward;exp_screening;interview_date;True;False;False;False
Acc_MC_lab_test;jrollwage;1.0;test12345678;sid-b60bc2d5bcda45329ec87298d5c536cb;5;ExpSection.InstructionSection.interview_date;interview_date;1653379899.8928459;1653379921.9934819;22.10063600540161;open;open;forward;initial;instruction1;True;False;False;False
Acc_MC_lab_test;jrollwage;1.0;test12345678;sid-b60bc2d5bcda45329ec87298d5c536cb;6;ExpSection.InstructionSection.instruction1;instruction1;1653379921.9944828;1653379923.188567;1.1940841674804688;open;open;forward;interview_date;mani_check_pre;True;False;False;False
Acc_MC_lab_test;jrollwage;1.0;test12345678;sid-b60bc2d5bcda45329ec87298d5c536cb;7;ExpSection.InstructionSection.mani_check_pre;mani_check_pre;1653379923.1905687;1653379925.6137698;2.423201084136963;open;open;forward;instruction1;task_start_page;True;False;False;False
Acc_MC_lab_test;jrollwage;1.0;test12345678;sid-b60bc2d5bcda45329ec87298d5c536cb;8;ExpSection.task_start_page;task_start_page;1653379925.615771;1653379926.724778;1.1090068817138672;open;open;forward;mani_check_pre;task_page_1;True;False;False;False
Acc_MC_lab_test;jrollwage;1.0;test12345678;sid-b60bc2d5bcda45329ec87298d5c536cb;9;ExpSection.TaskSection.task_page_1;task_page_1;1653379926.7267795;1653379929.430209;2.7034294605255127;open;open;forward;task_start_page;task_page_2;True;False;False;False
Acc_MC_lab_test;jrollwage;1.0;test12345678;sid-b60bc2d5bcda45329ec87298d5c536cb;10;ExpSection.TaskSection.task_page_2;task_page_2;1653379929.432211;1653379930.9315722;1.499361276626587;open;open;forward;task_page_1;task_page_3;True;False;False;False
Acc_MC_lab_test;jrollwage;1.0;test12345678;sid-b60bc2d5bcda45329ec87298d5c536cb;11;ExpSection.TaskSection.task_page_3;task_page_3;1653379930.933574;1653379931.9655118;1.031937837600708;open;open;forward;task_page_2;task_page_4;True;False;False;False
Acc_MC_lab_test;jrollwage;1.0;test12345678;sid-b60bc2d5bcda45329ec87298d5c536cb;12;ExpSection.TaskSection.task_page_4;task_page_4;1653379931.9685137;1653379933.1776125;1.2090988159179688;open;open;forward;task_page_3;task_page_5;True;False;False;False
Acc_MC_lab_test;jrollwage;1.0;test12345678;sid-b60bc2d5bcda45329ec87298d5c536cb;13;ExpSection.TaskSection.task_page_5;task_page_5;1653379933.1806154;1653379934.186529;1.005913496017456;open;open;forward;task_page_4;task_page_6;True;False;False;False
Acc_MC_lab_test;jrollwage;1.0;test12345678;sid-b60bc2d5bcda45329ec87298d5c536cb;14;ExpSection.TaskSection.task_page_6;task_page_6;1653379934.1895313;1653379935.5087302;1.3191988468170166;open;open;forward;task_page_5;task_page_7;True;False;False;False
Acc_MC_lab_test;jrollwage;1.0;test12345678;sid-b60bc2d5bcda45329ec87298d5c536cb;15;ExpSection.TaskSection.task_page_7;task_page_7;1653379935.5117326;1653379936.7168274;1.205094814300537;open;open;forward;task_page_6;task_page_8;True;False;False;False
Acc_MC_lab_test;jrollwage;1.0;test12345678;sid-b60bc2d5bcda45329ec87298d5c536cb;16;ExpSection.TaskSection.task_page_8;task_page_8;1653379936.7208312;1653379937.7277458;1.0069146156311035;open;open;forward;task_page_7;task_page_9;True;False;False;False
Acc_MC_lab_test;jrollwage;1.0;test12345678;sid-b60bc2d5bcda45329ec87298d5c536cb;17;ExpSection.TaskSection.task_page_9;task_page_9;1653379937.7307482;1653379938.84576;1.1150119304656982;open;open;forward;task_page_8;task_page_10;True;False;False;False
Acc_MC_lab_test;jrollwage;1.0;test12345678;sid-b60bc2d5bcda45329ec87298d5c536cb;18;ExpSection.TaskSection.task_page_10;task_page_10;1653379938.8497636;1653379940.0068147;1.1570510864257812;open;open;forward;task_page_9;task_completed_page;True;False;False;False
Acc_MC_lab_test;jrollwage;1.0;test12345678;sid-b60bc2d5bcda45329ec87298d5c536cb;19;ExpSection.FQSection.task_completed_page;task_completed_page;1653379940.0118191;1653379940.9566774;0.9448583126068115;open;open;forward;task_page_10;epistemic_motivation;True;True;False;False
Acc_MC_lab_test;jrollwage;1.0;test12345678;sid-b60bc2d5bcda45329ec87298d5c536cb;20;ExpSection.FQSection.epistemic_motivation;epistemic_motivation;1653379940.960681;1653379946.526735;5.566054105758667;open;open;forward;task_completed_page;MC_accountability;True;True;False;False
Acc_MC_lab_test;jrollwage;1.0;test12345678;sid-b60bc2d5bcda45329ec87298d5c536cb;21;ExpSection.FQSection.MC_accountability;MC_accountability;1653379946.53174;1653379950.6384702;4.106730222702026;open;open;forward;epistemic_motivation;systematic_information_processing;True;True;False;False
Acc_MC_lab_test;jrollwage;1.0;test12345678;sid-b60bc2d5bcda45329ec87298d5c536cb;22;ExpSection.FQSection.systematic_information_processing;systematic_information_processing;1653379950.6434746;1653379952.2729554;1.6294808387756348;open;open;forward;MC_accountability;final_stress;True;True;False;False
Acc_MC_lab_test;jrollwage;1.0;test12345678;sid-b60bc2d5bcda45329ec87298d5c536cb;23;ExpSection.FQSection.final_stress;final_stress;1653379952.2779596;1653379962.5893261;10.311366558074951;open;open;forward;systematic_information_processing;mani_check_post;True;True;False;False
Acc_MC_lab_test;jrollwage;1.0;test12345678;sid-b60bc2d5bcda45329ec87298d5c536cb;24;ExpSection.FQSection.mani_check_post;mani_check_post;1653379962.5953317;1653379964.9534733;2.3581416606903076;open;open;forward;final_stress;suspicion_check;True;True;False;False
Acc_MC_lab_test;jrollwage;1.0;test12345678;sid-b60bc2d5bcda45329ec87298d5c536cb;25;ExpSection.FQSection.suspicion_check;suspicion_check;1653379964.9594786;1653379966.9292676;1.9697890281677246;open;open;forward;mani_check_post;demographics;True;True;False;False
Acc_MC_lab_test;jrollwage;1.0;test12345678;sid-b60bc2d5bcda45329ec87298d5c536cb;26;ExpSection.FQSection.demographics;demographics;1653379966.935273;1653379972.674446;5.739173173904419;open;open;forward;suspicion_check;exp_reg_selection;True;True;False;False
Acc_MC_lab_test;jrollwage;1.0;test12345678;sid-b60bc2d5bcda45329ec87298d5c536cb;27;ExpSection.SelRegSection.exp_reg_selection;exp_reg_selection;1653379972.6814525;1653379974.5951862;1.913733720779419;open;open;forward;demographics;exp_registration;True;False;False;False
Acc_MC_lab_test;jrollwage;1.0;test12345678;sid-b60bc2d5bcda45329ec87298d5c536cb;28;ExpSection.SelRegSection.exp_registration;exp_registration;1653379974.6021924;1653380010.326909;35.724716663360596;open;open;forward;exp_reg_selection;feedback;True;False;False;False
Acc_MC_lab_test;jrollwage;1.0;test12345678;sid-bc33166542954c60a942bb0bc6715472;1;ExpSection.landingpage;landingpage;1653380024.5387142;1653380028.1820116;3.6432974338531494;open;open;forward;;InformedConsentPage;True;False;False;False
Acc_MC_lab_test;jrollwage;1.0;test12345678;sid-bc33166542954c60a942bb0bc6715472;2;ExpSection.InformedConsentPage;InformedConsentPage;1653380028.1820116;1653380031.8112726;3.629261016845703;open;open;forward;landingpage;exp_screening;True;False;False;False
Acc_MC_lab_test;jrollwage;1.0;test12345678;sid-bc33166542954c60a942bb0bc6715472;3;ExpSection.exp_screening;exp_screening;1653380031.8112726;1653380037.4723413;5.661068677902222;open;open;forward;InformedConsentPage;initial;True;False;False;False
Acc_MC_lab_test;jrollwage;1.0;test12345678;sid-bc33166542954c60a942bb0bc6715472;4;ExpSection.InstructionSection.initial;initial;1653380037.7285738;1653380054.2485614;16.5199875831604;open;open;forward;exp_screening;interview_date;True;False;False;False
Acc_MC_lab_test;jrollwage;1.0;test12345678;sid-bc33166542954c60a942bb0bc6715472;5;ExpSection.InstructionSection.interview_date;interview_date;1653380054.2495623;1653380081.129653;26.880090713500977;open;open;forward;initial;instruction1;True;False;False;False
Acc_MC_lab_test;jrollwage;1.0;test12345678;sid-bc33166542954c60a942bb0bc6715472;6;ExpSection.InstructionSection.instruction1;instruction1;1653380081.1306539;1653380082.1816087;1.050954818725586;open;open;forward;interview_date;mani_check_pre;True;False;False;False
Acc_MC_lab_test;jrollwage;1.0;test12345678;sid-bc33166542954c60a942bb0bc6715472;7;ExpSection.InstructionSection.mani_check_pre;mani_check_pre;1653380082.1836102;1653380086.4064434;4.222833156585693;open;open;forward;instruction1;task_start_page;True;False;False;False
Acc_MC_lab_test;jrollwage;1.0;test12345678;sid-bc33166542954c60a942bb0bc6715472;8;ExpSection.task_start_page;task_start_page;1653380086.408445;1653380087.6755958;1.26715087890625;open;open;forward;mani_check_pre;task_page_1;True;False;False;False
Acc_MC_lab_test;jrollwage;1.0;test12345678;sid-bc33166542954c60a942bb0bc6715472;9;ExpSection.TaskSection.task_page_1;task_page_1;1653380087.6775978;1653380090.8374183;3.159820556640625;open;open;forward;task_start_page;task_page_2;True;False;False;False
Acc_MC_lab_test;jrollwage;1.0;test12345678;sid-bc33166542954c60a942bb0bc6715472;10;ExpSection.TaskSection.task_page_2;task_page_2;1653380090.83942;1653380092.0274994;1.1880793571472168;open;open;forward;task_page_1;task_page_3;True;False;False;False
Acc_MC_lab_test;jrollwage;1.0;test12345678;sid-bc33166542954c60a942bb0bc6715472;11;ExpSection.TaskSection.task_page_3;task_page_3;1653380092.0295012;1653380093.1365063;1.1070051193237305;open;open;forward;task_page_2;task_page_4;True;False;False;False
Acc_MC_lab_test;jrollwage;1.0;test12345678;sid-bc33166542954c60a942bb0bc6715472;12;ExpSection.TaskSection.task_page_4;task_page_4;1653380093.1395085;1653380094.3696237;1.2301151752471924;open;open;forward;task_page_3;task_page_5;True;False;False;False
Acc_MC_lab_test;jrollwage;1.0;test12345678;sid-bc33166542954c60a942bb0bc6715472;13;ExpSection.TaskSection.task_page_5;task_page_5;1653380094.372626;1653380095.5286765;1.156050443649292;open;open;forward;task_page_4;task_page_6;True;False;False;False
Acc_MC_lab_test;jrollwage;1.0;test12345678;sid-bc33166542954c60a942bb0bc6715472;14;ExpSection.TaskSection.task_page_6;task_page_6;1653380095.5316792;1653380096.5986485;1.066969394683838;open;open;forward;task_page_5;task_page_7;True;False;False;False
Acc_MC_lab_test;jrollwage;1.0;test12345678;sid-bc33166542954c60a942bb0bc6715472;15;ExpSection.TaskSection.task_page_7;task_page_7;1653380096.6026516;1653380097.936863;1.3342113494873047;open;open;forward;task_page_6;task_page_8;True;False;False;False
Acc_MC_lab_test;jrollwage;1.0;test12345678;sid-bc33166542954c60a942bb0bc6715472;16;ExpSection.TaskSection.task_page_8;task_page_8;1653380097.9398658;1653380099.127945;1.1880791187286377;open;open;forward;task_page_7;task_page_9;True;False;False;False
Acc_MC_lab_test;jrollwage;1.0;test12345678;sid-bc33166542954c60a942bb0bc6715472;17;ExpSection.TaskSection.task_page_9;task_page_9;1653380099.1309478;1653380100.3500526;1.2191047668457031;open;open;forward;task_page_8;task_page_10;True;False;False;False
Acc_MC_lab_test;jrollwage;1.0;test12345678;sid-bc33166542954c60a942bb0bc6715472;18;ExpSection.TaskSection.task_page_10;task_page_10;1653380100.354056;1653380101.56916;1.215104103088379;open;open;forward;task_page_9;task_completed_page;True;False;False;False
Acc_MC_lab_test;jrollwage;1.0;test12345678;sid-bc33166542954c60a942bb0bc6715472;19;ExpSection.FQSection.task_completed_page;task_completed_page;1653380101.5731635;1653380102.5690682;0.9959046840667725;open;open;forward;task_page_10;epistemic_motivation;True;True;False;False
Acc_MC_lab_test;jrollwage;1.0;test12345678;sid-bc33166542954c60a942bb0bc6715472;20;ExpSection.FQSection.epistemic_motivation;epistemic_motivation;1653380102.573072;1653380108.2442229;5.6711509227752686;open;open;forward;task_completed_page;MC_accountability;True;True;False;False
Acc_MC_lab_test;jrollwage;1.0;test12345678;sid-bc33166542954c60a942bb0bc6715472;21;ExpSection.FQSection.MC_accountability;MC_accountability;1653380108.2492273;1653380112.2648747;4.0156474113464355;open;open;forward;epistemic_motivation;systematic_information_processing;True;True;False;False
Acc_MC_lab_test;jrollwage;1.0;test12345678;sid-bc33166542954c60a942bb0bc6715472;22;ExpSection.FQSection.systematic_information_processing;systematic_information_processing;1653380112.2708802;1653380113.9854376;1.714557409286499;open;open;forward;MC_accountability;final_stress;True;True;False;False
Acc_MC_lab_test;jrollwage;1.0;test12345678;sid-bc33166542954c60a942bb0bc6715472;23;ExpSection.FQSection.final_stress;final_stress;1653380113.9904423;1653380125.6690502;11.678607940673828;open;open;forward;systematic_information_processing;mani_check_post;True;True;False;False
Acc_MC_lab_test;jrollwage;1.0;test12345678;sid-bc33166542954c60a942bb0bc6715472;24;ExpSection.FQSection.mani_check_post;mani_check_post;1653380125.6750555;1653380129.8828506;4.207795143127441;open;open;forward;final_stress;suspicion_check;True;True;False;False
Acc_MC_lab_test;jrollwage;1.0;test12345678;sid-bc33166542954c60a942bb0bc6715472;25;ExpSection.FQSection.suspicion_check;suspicion_check;1653380129.8888562;1653380131.4532762;1.5644199848175049;open;open;forward;mani_check_post;demographics;True;True;False;False
Acc_MC_lab_test;jrollwage;1.0;test12345678;sid-bc33166542954c60a942bb0bc6715472;26;ExpSection.FQSection.demographics;demographics;1653380131.4592814;1653380135.114588;3.655306577682495;open;open;forward;suspicion_check;exp_reg_selection;True;True;False;False
Acc_MC_lab_test;jrollwage;1.0;test12345678;sid-bc33166542954c60a942bb0bc6715472;27;ExpSection.SelRegSection.exp_reg_selection;exp_reg_selection;1653380135.1215942;1653380136.249619;1.1280248165130615;open;open;forward;demographics;exp_registration;True;False;False;False
Acc_MC_lab_test;jrollwage;1.0;test12345678;sid-bc33166542954c60a942bb0bc6715472;28;ExpSection.SelRegSection.exp_registration;exp_registration;1653380136.2566254;1653380178.8045976;42.547972202301025;open;open;forward;exp_reg_selection;feedback;True;False;False;False
